path,status,reason
C:\Users\richg\Gov_Reg\01260207201000001250_REGISTRY\.dir_id,SKIP,no_match
C:\Users\richg\Gov_Reg\01260207201000001250_REGISTRY\00_REGISTRY_FOLDER_MANIFEST.md,SKIP,no_match
C:\Users\richg\Gov_Reg\01260207201000001250_REGISTRY\00_REPORTS_INDEX.md,SKIP,no_match
C:\Users\richg\Gov_Reg\01260207201000001250_REGISTRY\01260202173939000109_CLAUDE.md,SKIP,no_match
C:\Users\richg\Gov_Reg\01260207201000001250_REGISTRY\01260202173939000111_INGEST_SPEC_UNIFIED_REGISTRY.txt,SKIP,no_match
C:\Users\richg\Gov_Reg\01260207201000001250_REGISTRY\01260207201000000849_BACKUP_MANIFEST.txt,SKIP,no_match
C:\Users\richg\Gov_Reg\01260207201000001250_REGISTRY\01260207201000000866_REGISTRY_TUI_TECHNICAL_SPEC.txt,SKIP,no_match
C:\Users\richg\Gov_Reg\01260207201000001250_REGISTRY\01260207233100000466_geu_sets.regenerated.json,SKIP,no_match
C:\Users\richg\Gov_Reg\01260207201000001250_REGISTRY\01999000042260124012_governance_registry_schema.v3.json,SKIP,no_match
C:\Users\richg\Gov_Reg\01260207201000001250_REGISTRY\01999000042260124503_REGISTRY_file.json,SKIP,no_match
C:\Users\richg\Gov_Reg\01260207201000001250_REGISTRY\B1_IMPLEMENTATION_GUIDE.txt,SKIP,no_match
C:\Users\richg\Gov_Reg\01260207201000001250_REGISTRY\B3_IMPLEMENTATION_GUIDE.txt,SKIP,no_match
C:\Users\richg\Gov_Reg\01260207201000001250_REGISTRY\B4_IMPLEMENTATION_GUIDE.txt,SKIP,no_match
C:\Users\richg\Gov_Reg\01260207201000001250_REGISTRY\B5_IMPLEMENTATION_GUIDE.txt,SKIP,no_match
C:\Users\richg\Gov_Reg\01260207201000001250_REGISTRY\B6_IMPLEMENTATION_GUIDE.txt,SKIP,no_match
C:\Users\richg\Gov_Reg\01260207201000001250_REGISTRY\B7_IMPLEMENTATION_GUIDE.txt,SKIP,no_match
C:\Users\richg\Gov_Reg\01260207201000001250_REGISTRY\B8_IMPLEMENTATION_GUIDE.txt,SKIP,no_match
C:\Users\richg\Gov_Reg\01260207201000001250_REGISTRY\B9_IMPLEMENTATION_GUIDE.txt,SKIP,no_match
C:\Users\richg\Gov_Reg\01260207201000001250_REGISTRY\CLEANUP_EXECUTION_SUMMARY.md,SKIP,no_match
C:\Users\richg\Gov_Reg\01260207201000001250_REGISTRY\DUPLICATE_ID_PREVENTION.md,SKIP,no_match
C:\Users\richg\Gov_Reg\01260207201000001250_REGISTRY\END_TO_END_REGISTRY_PROCESS.md,SKIP,no_match
C:\Users\richg\Gov_Reg\01260207201000001250_REGISTRY\IMPLEMENTATION_MASTER_INDEX.md,SKIP,no_match
C:\Users\richg\Gov_Reg\01260207201000001250_REGISTRY\PRE_REMEDIATION_FIX_REQUIRED.md,SKIP,no_match
C:\Users\richg\Gov_Reg\01260207201000001250_REGISTRY\P_01999000042260124033_validate_plan_reservations.py,SKIP,no_match
C:\Users\richg\Gov_Reg\01260207201000001250_REGISTRY\P_01999000042260124034_validate_ingest_commitments.py,SKIP,no_match
C:\Users\richg\Gov_Reg\01260207201000001250_REGISTRY\P_01999000042260125100_test_enhanced_scanner.py,SKIP,no_match
C:\Users\richg\Gov_Reg\01260207201000001250_REGISTRY\P_01999000042260125101_test_enhanced_scanner_standalone.py,SKIP,no_match
C:\Users\richg\Gov_Reg\01260207201000001250_REGISTRY\P_01999000042260125105_README_ENHANCED_SCANNER.md,SKIP,no_match
C:\Users\richg\Gov_Reg\01260207201000001250_REGISTRY\P_RENAME_REMOVE_DOC_TOKEN.py,SKIP,no_match
C:\Users\richg\Gov_Reg\01260207201000001250_REGISTRY\REGISTRY_CLEANUP_DECISIONS_REQUIRED.md,SKIP,no_match
C:\Users\richg\Gov_Reg\01260207201000001250_REGISTRY\REGISTRY_SPEC_REMEDIATION_EXECUTION_PLAN.md,SKIP,no_match
C:\Users\richg\Gov_Reg\01260207201000001250_REGISTRY\Registry Issues Remediation Plan.md,SKIP,no_match
C:\Users\richg\Gov_Reg\01260207201000001250_REGISTRY\UNIFIED_REGISTRY_CLEANUP_AND_REMEDIATION_PLAN.md,SKIP,no_match
C:\Users\richg\Gov_Reg\01260207201000001250_REGISTRY\01260207201000001158_FILE WATCHER\.dir_id,SKIP,no_match
C:\Users\richg\Gov_Reg\01260207201000001250_REGISTRY\01260207201000001158_FILE WATCHER\01260207201000000379_CLAUDE.md,SKIP,no_match
C:\Users\richg\Gov_Reg\01260207201000001250_REGISTRY\01260207201000001158_FILE WATCHER\01260207233100000390_ACTION_TAXONOMY_SCHEMA_V1.yaml,SKIP,no_match
C:\Users\richg\Gov_Reg\01260207201000001250_REGISTRY\01260207201000001158_FILE WATCHER\01260207201000001159_schemas\.dir_id,SKIP,no_match
C:\Users\richg\Gov_Reg\01260207201000001250_REGISTRY\01260207201000001158_FILE WATCHER\01260207201000001159_schemas\01260207233100000582_column_dictionary.example.json,SKIP,no_match
C:\Users\richg\Gov_Reg\01260207201000001250_REGISTRY\01260207201000001158_FILE WATCHER\01260207201000001159_schemas\01260207233100000583_column_dictionary.schema.json,SKIP,no_match
C:\Users\richg\Gov_Reg\01260207201000001250_REGISTRY\01260207201000001158_FILE WATCHER\01260207201000001159_schemas\01260207233100000584_step_pipeline.schema.json,SKIP,no_match
C:\Users\richg\Gov_Reg\01260207201000001250_REGISTRY\01260207201000001158_FILE WATCHER\01260207201000001160_scripts\.dir_id,SKIP,no_match
C:\Users\richg\Gov_Reg\01260207201000001250_REGISTRY\01260207201000001158_FILE WATCHER\01260207201000001160_scripts\P_01260207233100000150_lint_pipeline.py,SKIP,no_match
C:\Users\richg\Gov_Reg\01260207201000001250_REGISTRY\01260207201000001269_reservations\.dir_id,SKIP,no_match
C:\Users\richg\Gov_Reg\01260207201000001250_REGISTRY\01260207201000001269_reservations\01260207201000000867_README.md,SKIP,no_match
C:\Users\richg\Gov_Reg\01260207201000001250_REGISTRY\01260207201000001270_scripts\.dir_id,SKIP,no_match
C:\Users\richg\Gov_Reg\01260207201000001250_REGISTRY\01260207201000001270_scripts\P_01260207201000000834_apply_patch.py,SKIP,no_match
C:\Users\richg\Gov_Reg\01260207201000001250_REGISTRY\01260207201000001270_scripts\P_01260207201000000852_diff_snapshots.py,SKIP,no_match
C:\Users\richg\Gov_Reg\01260207201000001250_REGISTRY\01260207201000001270_scripts\P_01260207201000000873_snapshot.py,SKIP,no_match
C:\Users\richg\Gov_Reg\01260207201000001250_REGISTRY\01260207201000001270_scripts\P_01999000042260126011_registry_tui.py,SKIP,no_match
C:\Users\richg\Gov_Reg\01260207201000001250_REGISTRY\01260207201000001270_scripts\01260207201000001271_ci\.dir_id,SKIP,no_match
C:\Users\richg\Gov_Reg\01260207201000001250_REGISTRY\01260207201000001270_scripts\01260207201000001271_ci\P_01260202173939000023_test_ci_gate_scripts_with_clarified_stub_policy.py,SKIP,no_match
C:\Users\richg\Gov_Reg\01260207201000001250_REGISTRY\01260207201000001274_tests\.dir_id,SKIP,no_match
C:\Users\richg\Gov_Reg\01260207201000001250_REGISTRY\01260207201000001274_tests\01260207201000000874_registry_test.json,SKIP,no_match
C:\Users\richg\Gov_Reg\01260207201000001250_REGISTRY\01260207201000001274_tests\P_01260207233100000071_test_registry_tui_metrics.py,SKIP,no_match
C:\Users\richg\Gov_Reg\01260207201000001250_REGISTRY\01260207201000001313_capability_mapping_system\01260207220000001319_README.md,SKIP,no_match
C:\Users\richg\Gov_Reg\01260207201000001250_REGISTRY\01260207201000001313_capability_mapping_system\01260207220000001321_SCRIPT_CLASSIFIER_OVERRIDES.json,SKIP,no_match
C:\Users\richg\Gov_Reg\01260207201000001250_REGISTRY\01260207201000001313_capability_mapping_system\P_01260207220000001315_capability_mapper.py,SKIP,no_match
C:\Users\richg\Gov_Reg\01260207201000001250_REGISTRY\01260207201000001313_capability_mapping_system\01260207220000001314_archive\.dir_id,SKIP,no_match
C:\Users\richg\Gov_Reg\01260207201000001250_REGISTRY\01260207201000001313_capability_mapping_system\01260207220000001317_docs\01260207201000000454_capability_mapping_status_report.md,SKIP,no_match
C:\Users\richg\Gov_Reg\01260207201000001250_REGISTRY\01260207201000001313_capability_mapping_system\01260207220000001318_mapp_py\.dir_id,SKIP,no_match
C:\Users\richg\Gov_Reg\01260207201000001250_REGISTRY\01260207201000001313_capability_mapping_system\01260207220000001318_mapp_py\01260202173939000019_Column to Script Mapping.json,SKIP,no_match
C:\Users\richg\Gov_Reg\01260207201000001250_REGISTRY\01260207201000001313_capability_mapping_system\01260207220000001318_mapp_py\01260202173939000020_mapp_py_file.json,SKIP,no_match
C:\Users\richg\Gov_Reg\01260207201000001250_REGISTRY\01260207201000001313_capability_mapping_system\01260207220000001318_mapp_py\01260202173939000040_mapp_py_file.json,SKIP,no_match
C:\Users\richg\Gov_Reg\01260207201000001250_REGISTRY\01260207201000001313_capability_mapping_system\01260207220000001318_mapp_py\01260202173939000041_mapp_py_file.json,SKIP,no_match
C:\Users\richg\Gov_Reg\01260207201000001250_REGISTRY\01260207201000001313_capability_mapping_system\01260207220000001318_mapp_py\01260207201000000859_requirements.txt,SKIP,no_match
C:\Users\richg\Gov_Reg\01260207201000001250_REGISTRY\01260207201000001313_capability_mapping_system\01260207220000001318_mapp_py\01260207201000000860_TECHNICAL_COMPATIBILITY_SPEC.md,SKIP,no_match
C:\Users\richg\Gov_Reg\01260207201000001250_REGISTRY\01260207201000001313_capability_mapping_system\01260207220000001318_mapp_py\01260207201000000861_● ✅ All 18 Scripts are Already in t.txt,SKIP,no_match
C:\Users\richg\Gov_Reg\01260207201000001250_REGISTRY\01260207201000001313_capability_mapping_system\01260207220000001318_mapp_py\01260207220000001326_pyproject.toml,SKIP,no_match
C:\Users\richg\Gov_Reg\01260207201000001250_REGISTRY\01260207201000001313_capability_mapping_system\01260207220000001318_mapp_py\P_01260202173939000016_text_normalizer.py,SKIP,no_match
C:\Users\richg\Gov_Reg\01260207201000001250_REGISTRY\01260207201000001313_capability_mapping_system\01260207220000001318_mapp_py\P_01260202173939000060_text_normalizer.py,SKIP,no_match
C:\Users\richg\Gov_Reg\01260207201000001250_REGISTRY\01260207201000001313_capability_mapping_system\01260207220000001318_mapp_py\P_01260202173939000061_component_extractor.py,SKIP,no_match
C:\Users\richg\Gov_Reg\01260207201000001250_REGISTRY\01260207201000001313_capability_mapping_system\01260207220000001318_mapp_py\P_01260202173939000062_generate_component_signature.py,SKIP,no_match
C:\Users\richg\Gov_Reg\01260207201000001250_REGISTRY\01260207201000001313_capability_mapping_system\01260207220000001318_mapp_py\P_01260202173939000063_dependency_analyzer.py,SKIP,no_match
C:\Users\richg\Gov_Reg\01260207201000001250_REGISTRY\01260207201000001313_capability_mapping_system\01260207220000001318_mapp_py\P_01260202173939000064_i_o_surface_visitor.py,SKIP,no_match
C:\Users\richg\Gov_Reg\01260207201000001250_REGISTRY\01260207201000001313_capability_mapping_system\01260207220000001318_mapp_py\P_01260202173939000065_deliverable_analyzer.py,SKIP,no_match
C:\Users\richg\Gov_Reg\01260207201000001250_REGISTRY\01260207201000001313_capability_mapping_system\01260207220000001318_mapp_py\P_01260202173939000066_structural_feature_extractor.py,SKIP,no_match
C:\Users\richg\Gov_Reg\01260207201000001250_REGISTRY\01260207201000001313_capability_mapping_system\01260207220000001318_mapp_py\P_01260202173939000067_extract_semantic_features.py,SKIP,no_match
C:\Users\richg\Gov_Reg\01260207201000001250_REGISTRY\01260207201000001313_capability_mapping_system\01260207220000001318_mapp_py\P_01260202173939000068_file_comparator.py,SKIP,no_match
C:\Users\richg\Gov_Reg\01260207201000001250_REGISTRY\01260207201000001313_capability_mapping_system\01260207220000001318_mapp_py\P_01260202173939000069_analyze_tests.py,SKIP,no_match
C:\Users\richg\Gov_Reg\01260207201000001250_REGISTRY\01260207201000001313_capability_mapping_system\01260207220000001318_mapp_py\P_01260202173939000070_run_pylint_on_file.py,SKIP,no_match
C:\Users\richg\Gov_Reg\01260207201000001250_REGISTRY\01260207201000001313_capability_mapping_system\01260207220000001318_mapp_py\P_01260202173939000071_complexity_visitor.py,SKIP,no_match
C:\Users\richg\Gov_Reg\01260207201000001250_REGISTRY\01260207201000001313_capability_mapping_system\01260207220000001318_mapp_py\P_01260202173939000072_cli_entry_point.py,SKIP,no_match
C:\Users\richg\Gov_Reg\01260207201000001250_REGISTRY\01260207201000001313_capability_mapping_system\01260207220000001318_mapp_py\P_01260202173939000073_load_pre_computed_similarity_matrix.py,SKIP,no_match
C:\Users\richg\Gov_Reg\01260207201000001250_REGISTRY\01260207201000001313_capability_mapping_system\01260207220000001318_mapp_py\P_01260202173939000074_cli_entry_point.py,SKIP,no_match
C:\Users\richg\Gov_Reg\01260207201000001250_REGISTRY\01260207201000001313_capability_mapping_system\01260207220000001318_mapp_py\P_01260202173939000075_text_normalizer.py,SKIP,no_match
C:\Users\richg\Gov_Reg\01260207201000001250_REGISTRY\01260207201000001313_capability_mapping_system\01260207220000001318_mapp_py\P_01260202173939000076_capability_detector.py,SKIP,no_match
C:\Users\richg\Gov_Reg\01260207201000001250_REGISTRY\01260207201000001313_capability_mapping_system\01260207220000001318_mapp_py\P_01260202173939000077_compute_sha_256_hash_of_evidence.py,SKIP,no_match
C:\Users\richg\Gov_Reg\01260207201000001250_REGISTRY\01260207201000001313_capability_mapping_system\01260207220000001318_mapp_py\P_01260202173939000078_text_normalizer.py,SKIP,no_match
C:\Users\richg\Gov_Reg\01260207201000001250_REGISTRY\01260207201000001313_capability_mapping_system\01260207220000001318_mapp_py\P_01260202173939000079_analyze_file.py,SKIP,no_match
C:\Users\richg\Gov_Reg\01260207201000001250_REGISTRY\01260207201000001313_capability_mapping_system\01260207220000001318_mapp_py\P_01260202173939000080_component_extractor.py,SKIP,no_match
C:\Users\richg\Gov_Reg\01260207201000001250_REGISTRY\01260207201000001313_capability_mapping_system\01260207220000001318_mapp_py\P_01260202173939000082_dependency_analyzer.py,SKIP,no_match
C:\Users\richg\Gov_Reg\01260207201000001250_REGISTRY\01260207201000001313_capability_mapping_system\01260207220000001318_mapp_py\P_01260202173939000083_i_o_surface_analyzer.py,SKIP,no_match
C:\Users\richg\Gov_Reg\01260207201000001250_REGISTRY\01260207201000001313_capability_mapping_system\01260207220000001318_mapp_py\01260207201000001266_behaviors\.dir_id,SKIP,no_match
C:\Users\richg\Gov_Reg\01260207201000001250_REGISTRY\01260207201000001313_capability_mapping_system\01260207220000001318_mapp_py\01260207201000001266_behaviors\01260202173939000004_DOC-SPEC-BDD-MAPP-PY-XXX-YYY.yaml,SKIP,no_match
C:\Users\richg\Gov_Reg\01260207201000001250_REGISTRY\01260207201000001313_capability_mapping_system\01260207220000001320_schemas\01260207201000000529_CAPABILITIES.schema.v1.json,SKIP,no_match
C:\Users\richg\Gov_Reg\01260207201000001250_REGISTRY\01260207201000001313_capability_mapping_system\01260207220000001320_schemas\01260207220000001327_COMPONENT_CAPABILITY_VOCAB.json,SKIP,no_match
C:\Users\richg\Gov_Reg\01260207201000001250_REGISTRY\01260207201000001313_capability_mapping_system\01260207220000001322_src\.dir_id,SKIP,no_match
C:\Users\richg\Gov_Reg\01260207201000001250_REGISTRY\01260207201000001313_capability_mapping_system\01260207220000001322_src\P_01260207201000000850_capability_mapping_init.py,SKIP,no_match
C:\Users\richg\Gov_Reg\01260207201000001250_REGISTRY\01260207201000001313_capability_mapping_system\01260207220000001322_src\P_01260207201000000864_P_01260207233100000YYY_argparse_extractor.py,SKIP,no_match
C:\Users\richg\Gov_Reg\01260207201000001250_REGISTRY\01260207201000001313_capability_mapping_system\01260207220000001322_src\P_01260207201000000979_P_01260207233100000YYY___init__.py,SKIP,no_match
C:\Users\richg\Gov_Reg\01260207201000001250_REGISTRY\01260207201000001313_capability_mapping_system\01260207220000001322_src\P_01260207201000000980_P_01260207233100000YYY_argparse_extractor.py,SKIP,no_match
C:\Users\richg\Gov_Reg\01260207201000001250_REGISTRY\01260207201000001313_capability_mapping_system\01260207220000001322_src\P_01260207201000000981_P_01260207233100000YYY_call_graph_builder.py,SKIP,no_match
C:\Users\richg\Gov_Reg\01260207201000001250_REGISTRY\01260207201000001313_capability_mapping_system\01260207220000001322_src\P_01260207201000000982_P_01260207233100000YYY_capability_discoverer.py,SKIP,no_match
C:\Users\richg\Gov_Reg\01260207201000001250_REGISTRY\01260207201000001313_capability_mapping_system\01260207220000001322_src\P_01260207201000000983_P_01260207233100000YYY_file_inventory_builder.py,SKIP,no_match
C:\Users\richg\Gov_Reg\01260207201000001250_REGISTRY\01260207201000001313_capability_mapping_system\01999000042260125146_AI_CLI_PROVENANCE_SOLUTION\.dir_id,SKIP,no_match
C:\Users\richg\Gov_Reg\01260207201000001250_REGISTRY\01260207201000001313_capability_mapping_system\01999000042260125146_AI_CLI_PROVENANCE_SOLUTION\.gitignore,SKIP,no_match
C:\Users\richg\Gov_Reg\01260207201000001250_REGISTRY\01260207201000001313_capability_mapping_system\01999000042260125146_AI_CLI_PROVENANCE_SOLUTION\P_01999000042260125162_PROV-SOL_py_identify_soultion.yml,SKIP,no_match
C:\Users\richg\Gov_Reg\01260207201000001250_REGISTRY\01260207201000001313_capability_mapping_system\01999000042260125146_AI_CLI_PROVENANCE_SOLUTION\P_01999000042260125163_PROV-SOL_EVIDENCE_SCHEMA_EXTENDED.yaml,SKIP,no_match
C:\Users\richg\Gov_Reg\01260207201000001250_REGISTRY\01260207201000001313_capability_mapping_system\01999000042260125146_AI_CLI_PROVENANCE_SOLUTION\P_01999000042260125164_PROV-SOL_claude_log_parser.py,SKIP,no_match
C:\Users\richg\Gov_Reg\01260207201000001250_REGISTRY\01260207201000001313_capability_mapping_system\01999000042260125146_AI_CLI_PROVENANCE_SOLUTION\P_01999000042260125165_PROV-SOL_codex_log_parser.py,SKIP,no_match
C:\Users\richg\Gov_Reg\01260207201000001250_REGISTRY\01260207201000001313_capability_mapping_system\01999000042260125146_AI_CLI_PROVENANCE_SOLUTION\P_01999000042260125166_PROV-SOL_copilot_log_parser.py,SKIP,no_match
C:\Users\richg\Gov_Reg\01260207201000001250_REGISTRY\01260207201000001313_capability_mapping_system\01999000042260125146_AI_CLI_PROVENANCE_SOLUTION\P_01999000042260125167_PROV-SOL_sqlite_schema.py,SKIP,no_match
C:\Users\richg\Gov_Reg\01260207201000001250_REGISTRY\01260207201000001313_capability_mapping_system\01999000042260125146_AI_CLI_PROVENANCE_SOLUTION\P_01999000042260125168_PROV-SOL_validate_evidence_schema.py,SKIP,no_match
C:\Users\richg\Gov_Reg\01260207201000001250_REGISTRY\01260207201000001313_capability_mapping_system\01999000042260125146_AI_CLI_PROVENANCE_SOLUTION\P_01999000042260125169_PROV-SOL_validate_log_availability.py,SKIP,no_match
C:\Users\richg\Gov_Reg\01260207201000001250_REGISTRY\01260207201000001313_capability_mapping_system\01999000042260125146_AI_CLI_PROVENANCE_SOLUTION\P_01999000042260125170_PROV-SOL_validate_rule_consistency.py,SKIP,no_match
C:\Users\richg\Gov_Reg\01260207201000001250_REGISTRY\01260207201000001313_capability_mapping_system\01999000042260125146_AI_CLI_PROVENANCE_SOLUTION\P_01999000042260125171_PROV-SOL_validate_collector_output.py,SKIP,no_match
C:\Users\richg\Gov_Reg\01260207201000001250_REGISTRY\01260207201000001313_capability_mapping_system\01999000042260125146_AI_CLI_PROVENANCE_SOLUTION\P_01999000042260125172_PROV-SOL_query_ai_provenance.py,SKIP,no_match
C:\Users\richg\Gov_Reg\01260207201000001250_REGISTRY\01260207201000001313_capability_mapping_system\01999000042260125146_AI_CLI_PROVENANCE_SOLUTION\P_01999000042260125173_PROV-SOL_git_log_parser.py,SKIP,no_match
C:\Users\richg\Gov_Reg\01260207201000001250_REGISTRY\01260207201000001313_capability_mapping_system\01999000042260125146_AI_CLI_PROVENANCE_SOLUTION\P_01999000042260125174_PROV-SOL_ai_cli_provenance_collector.py,SKIP,no_match
C:\Users\richg\Gov_Reg\01260207201000001250_REGISTRY\01260207201000001313_capability_mapping_system\01999000042260125146_AI_CLI_PROVENANCE_SOLUTION\P_01999000042260125175_docid_loader.py,SKIP,no_match
C:\Users\richg\Gov_Reg\01260207201000001250_REGISTRY\01260207201000001313_capability_mapping_system\01999000042260125146_AI_CLI_PROVENANCE_SOLUTION\P_01999000042260125176_ai_cli_provenance_collector.py,SKIP,no_match
C:\Users\richg\Gov_Reg\01260207201000001250_REGISTRY\01260207201000001313_capability_mapping_system\01999000042260125146_AI_CLI_PROVENANCE_SOLUTION\P_01999000042260125177_claude_log_parser.py,SKIP,no_match
C:\Users\richg\Gov_Reg\01260207201000001250_REGISTRY\01260207201000001313_capability_mapping_system\01999000042260125146_AI_CLI_PROVENANCE_SOLUTION\P_01999000042260125178_codex_log_parser.py,SKIP,no_match
C:\Users\richg\Gov_Reg\01260207201000001250_REGISTRY\01260207201000001313_capability_mapping_system\01999000042260125146_AI_CLI_PROVENANCE_SOLUTION\P_01999000042260125179_copilot_log_parser.py,SKIP,no_match
C:\Users\richg\Gov_Reg\01260207201000001250_REGISTRY\01260207201000001313_capability_mapping_system\01999000042260125146_AI_CLI_PROVENANCE_SOLUTION\P_01999000042260125180_sqlite_schema.py,SKIP,no_match
C:\Users\richg\Gov_Reg\01260207201000001250_REGISTRY\01260207201000001313_capability_mapping_system\01999000042260125146_AI_CLI_PROVENANCE_SOLUTION\P_01999000042260125181_PROV-SOL_conftest.py,SKIP,no_match
C:\Users\richg\Gov_Reg\01260207201000001250_REGISTRY\01260207201000001313_capability_mapping_system\01999000042260125146_AI_CLI_PROVENANCE_SOLUTION\P_01999000042260125182_PROV-SOL_All Phases Complete - AI CLI Provenance Solution.md,SKIP,no_match
C:\Users\richg\Gov_Reg\01260207201000001250_REGISTRY\01260207201000001313_capability_mapping_system\01999000042260125146_AI_CLI_PROVENANCE_SOLUTION\P_01999000042260125183_PROV-SOL_Deterministic Codebase Triage & De-Noise System.md,SKIP,no_match
C:\Users\richg\Gov_Reg\01260207201000001250_REGISTRY\01260207201000001313_capability_mapping_system\01999000042260125146_AI_CLI_PROVENANCE_SOLUTION\P_01999000042260125184_PROV-SOL_DIRECTORY_STRUCTURE.md,SKIP,no_match
C:\Users\richg\Gov_Reg\01260207201000001250_REGISTRY\01260207201000001313_capability_mapping_system\01999000042260125146_AI_CLI_PROVENANCE_SOLUTION\P_01999000042260125185_PROV-SOL_pytest.ini,SKIP,no_match
C:\Users\richg\Gov_Reg\01260207201000001250_REGISTRY\01260207201000001313_capability_mapping_system\01999000042260125146_AI_CLI_PROVENANCE_SOLUTION\P_01999000042260125186_PROV-SOL_README.md,SKIP,no_match
C:\Users\richg\Gov_Reg\01260207201000001250_REGISTRY\01260207201000001313_capability_mapping_system\01999000042260125146_AI_CLI_PROVENANCE_SOLUTION\P_01999000042260125187_PROV-SOL_requirements.txt,SKIP,no_match
C:\Users\richg\Gov_Reg\01260207201000001250_REGISTRY\01260207201000001313_capability_mapping_system\01999000042260125146_AI_CLI_PROVENANCE_SOLUTION\P_01999000042260125188_PROV-SOL_setup_environment.ps1,SKIP,no_match
C:\Users\richg\Gov_Reg\01260207201000001250_REGISTRY\01260207201000001313_capability_mapping_system\01999000042260125146_AI_CLI_PROVENANCE_SOLUTION\P_01999000042260125189_PROV-SOL_SETUP.md,SKIP,no_match
C:\Users\richg\Gov_Reg\01260207201000001250_REGISTRY\01260207201000001313_capability_mapping_system\01999000042260125146_AI_CLI_PROVENANCE_SOLUTION\01999000042260125147_tests\.dir_id,SKIP,no_match
C:\Users\richg\Gov_Reg\01260207201000001250_REGISTRY\01260207201000001313_capability_mapping_system\01999000042260125146_AI_CLI_PROVENANCE_SOLUTION\01999000042260125147_tests\P_01999000042260125159_init__.py,SKIP,no_match
C:\Users\richg\Gov_Reg\01260207201000001250_REGISTRY\01260207201000001313_capability_mapping_system\01999000042260125146_AI_CLI_PROVENANCE_SOLUTION\01999000042260125147_tests\P_01999000042260125160_conftest.py,SKIP,no_match
C:\Users\richg\Gov_Reg\01260207201000001250_REGISTRY\01260207201000001313_capability_mapping_system\01999000042260125146_AI_CLI_PROVENANCE_SOLUTION\01999000042260125147_tests\P_01999000042260125161_README.md,SKIP,no_match
C:\Users\richg\Gov_Reg\01260207201000001250_REGISTRY\01260207201000001313_capability_mapping_system\01999000042260125146_AI_CLI_PROVENANCE_SOLUTION\01999000042260125147_tests\01999000042260125148_fixtures\.dir_id,SKIP,no_match
C:\Users\richg\Gov_Reg\01260207201000001250_REGISTRY\01260207201000001313_capability_mapping_system\01999000042260125146_AI_CLI_PROVENANCE_SOLUTION\01999000042260125147_tests\01999000042260125148_fixtures\01999000042260125149_sample_logs\.dir_id,SKIP,no_match
C:\Users\richg\Gov_Reg\01260207201000001250_REGISTRY\01260207201000001313_capability_mapping_system\01999000042260125146_AI_CLI_PROVENANCE_SOLUTION\01999000042260125147_tests\01999000042260125148_fixtures\01999000042260125149_sample_logs\claude_sample.jsonl,SKIP,no_match
C:\Users\richg\Gov_Reg\01260207201000001250_REGISTRY\01260207201000001313_capability_mapping_system\01999000042260125146_AI_CLI_PROVENANCE_SOLUTION\01999000042260125147_tests\01999000042260125148_fixtures\01999000042260125149_sample_logs\codex_sample.jsonl,SKIP,no_match
C:\Users\richg\Gov_Reg\01260207201000001250_REGISTRY\01260207201000001313_capability_mapping_system\01999000042260125146_AI_CLI_PROVENANCE_SOLUTION\01999000042260125147_tests\01999000042260125150_integration\.dir_id,SKIP,no_match
C:\Users\richg\Gov_Reg\01260207201000001250_REGISTRY\01260207201000001313_capability_mapping_system\01999000042260125146_AI_CLI_PROVENANCE_SOLUTION\01999000042260125147_tests\01999000042260125150_integration\P_01999000042260125152_init__.py,SKIP,no_match
C:\Users\richg\Gov_Reg\01260207201000001250_REGISTRY\01260207201000001313_capability_mapping_system\01999000042260125146_AI_CLI_PROVENANCE_SOLUTION\01999000042260125147_tests\01999000042260125151_unit\.dir_id,SKIP,no_match
C:\Users\richg\Gov_Reg\01260207201000001250_REGISTRY\01260207201000001313_capability_mapping_system\01999000042260125146_AI_CLI_PROVENANCE_SOLUTION\01999000042260125147_tests\01999000042260125151_unit\P_01999000042260125153_init__.py,SKIP,no_match
C:\Users\richg\Gov_Reg\01260207201000001250_REGISTRY\01260207201000001313_capability_mapping_system\01999000042260125146_AI_CLI_PROVENANCE_SOLUTION\01999000042260125147_tests\01999000042260125151_unit\P_01999000042260125154_test_evidence_schema.py,SKIP,no_match
C:\Users\richg\Gov_Reg\01260207201000001250_REGISTRY\01260207201000001313_capability_mapping_system\01999000042260125146_AI_CLI_PROVENANCE_SOLUTION\01999000042260125147_tests\01999000042260125151_unit\P_01999000042260125155_test_claude_parser.py,SKIP,no_match
C:\Users\richg\Gov_Reg\01260207201000001250_REGISTRY\01260207201000001313_capability_mapping_system\01999000042260125146_AI_CLI_PROVENANCE_SOLUTION\01999000042260125147_tests\01999000042260125151_unit\P_01999000042260125156_test_codex_parser.py,SKIP,no_match
C:\Users\richg\Gov_Reg\01260207201000001250_REGISTRY\01260207201000001313_capability_mapping_system\01999000042260125146_AI_CLI_PROVENANCE_SOLUTION\01999000042260125147_tests\01999000042260125151_unit\P_01999000042260125157_test_copilot_parser.py,SKIP,no_match
C:\Users\richg\Gov_Reg\01260207201000001250_REGISTRY\01260207201000001313_capability_mapping_system\01999000042260125146_AI_CLI_PROVENANCE_SOLUTION\01999000042260125147_tests\01999000042260125151_unit\P_01999000042260125158_test_collector.py,SKIP,no_match
C:\Users\richg\Gov_Reg\01260207201000001250_REGISTRY\01260207201000001313_capability_mapping_system\capability_system_scripts\P_01260207201000000865_P_01260207233100000YYY_registry_patch_generator.py,SKIP,no_match
C:\Users\richg\Gov_Reg\01260207201000001250_REGISTRY\01260207201000001313_capability_mapping_system\capability_system_scripts\P_01260207201000000984_P_01260207233100000YYY_purpose_registry_builder.py,SKIP,no_match
C:\Users\richg\Gov_Reg\01260207201000001250_REGISTRY\01260207201000001313_capability_mapping_system\capability_system_scripts\P_01260207201000000985_P_01260207233100000YYY_registry_promoter.py,SKIP,no_match
C:\Users\richg\Gov_Reg\01260207201000001250_REGISTRY\COLUMN_HEADERS\01260207201000000192_UNIFIED_SSOT_REGISTRY_DERIVATIONS.yaml,SKIP,no_match
C:\Users\richg\Gov_Reg\01260207201000001250_REGISTRY\COLUMN_HEADERS\01260207201000000193_UNIFIED_SSOT_REGISTRY_WRITE_POLICY.yaml,SKIP,no_match
C:\Users\richg\Gov_Reg\01260207201000001250_REGISTRY\COLUMN_HEADERS\01260207233100000463_2026012816000001_COLUMN_DICTIONARY.json,SKIP,no_match
C:\Users\richg\Gov_Reg\01260207201000001250_REGISTRY\COLUMN_HEADERS\COLUMN_DICTIONARY_184_COLUMNS.csv,SKIP,no_match
C:\Users\richg\Gov_Reg\01260207201000001250_REGISTRY\COLUMN_HEADERS\FILE_SCAN_CSV_DERIVATION_SPEC — Complete Column Derivation Documentation.txt,SKIP,no_match
C:\Users\richg\Gov_Reg\01260207201000001250_REGISTRY\COLUMN_HEADERS\REGISTRY_COLUMN_HEADERS.md,SKIP,no_match
C:\Users\richg\Gov_Reg\01260207201000001250_REGISTRY\COLUMN_HEADERS\formula_sheet_classification.csv,SKIP,no_match
C:\Users\richg\Gov_Reg\01260207201000001250_REGISTRY\ID\.dir_id,SKIP,no_match
C:\Users\richg\Gov_Reg\01260207201000001250_REGISTRY\ID\00_README.md,SKIP,no_match
C:\Users\richg\Gov_Reg\01260207201000001250_REGISTRY\ID\1_runtime\allocators\P_01999000042260124031_unified_id_allocator.py,SKIP,no_match
C:\Users\richg\Gov_Reg\01260207201000001250_REGISTRY\ID\1_runtime\allocators\P_01999000042260124032_reservation_ledger.py,SKIP,no_match
C:\Users\richg\Gov_Reg\01260207201000001250_REGISTRY\ID\1_runtime\allocators\P_01999000042260124489_id_scheme.py,SKIP,no_match
C:\Users\richg\Gov_Reg\01260207201000001250_REGISTRY\ID\1_runtime\allocators\P_01999000042260125006_id_allocator_facade.py,SKIP,no_match
C:\Users\richg\Gov_Reg\01260207201000001250_REGISTRY\ID\1_runtime\handlers\P_01260207233100000070_dir_identity_resolver.py,SKIP,no_match
C:\Users\richg\Gov_Reg\01260207201000001250_REGISTRY\ID\1_runtime\handlers\P_01999000042260125068_dir_id_handler.py,SKIP,no_match
C:\Users\richg\Gov_Reg\01260207201000001250_REGISTRY\ID\1_runtime\validators\P_01999000042260124521_id_format_scanner.py,SKIP,no_match
C:\Users\richg\Gov_Reg\01260207201000001250_REGISTRY\ID\1_runtime\validators\P_01999000042260125000_gate_id_canonicality.py,SKIP,no_match
C:\Users\richg\Gov_Reg\01260207201000001250_REGISTRY\ID\1_runtime\validators\P_01999000042260125002_canonical_id_patterns.py,SKIP,no_match
C:\Users\richg\Gov_Reg\01260207201000001250_REGISTRY\ID\1_runtime\validators\P_01999000042260125067_zone_classifier.py,SKIP,no_match
C:\Users\richg\Gov_Reg\01260207201000001250_REGISTRY\ID\1_runtime\watchers\P_01999000042260125104_dir_id_auto_repair.py,SKIP,no_match
C:\Users\richg\Gov_Reg\01260207201000001250_REGISTRY\ID\1_runtime\watchers\P_01999000042260125105_dir_id_watcher.py,SKIP,no_match
C:\Users\richg\Gov_Reg\01260207201000001250_REGISTRY\ID\1_runtime\watchers\P_01999000042260125111_orphan_purger.py,SKIP,no_match
C:\Users\richg\Gov_Reg\01260207201000001250_REGISTRY\ID\1_runtime\watchers\P_01999000042260126000__idpkg_runtime.py,SKIP,no_match
C:\Users\richg\Gov_Reg\01260207201000001250_REGISTRY\ID\2_cli_tools\file_id\P_01260202173939000081_generate_component_id.py,SKIP,no_match
C:\Users\richg\Gov_Reg\01260207201000001250_REGISTRY\ID\2_cli_tools\file_id\P_01260207201000000198_add_ids_recursive.py,SKIP,no_match
C:\Users\richg\Gov_Reg\01260207201000001250_REGISTRY\ID\2_cli_tools\hooks\P_01999000042260125106_pre_commit_dir_id_check.py,SKIP,no_match
C:\Users\richg\Gov_Reg\01260207201000001250_REGISTRY\ID\2_cli_tools\hooks\P_01999000042260125107_pre_push_governance_check.py,SKIP,no_match
C:\Users\richg\Gov_Reg\01260207201000001250_REGISTRY\ID\2_cli_tools\maintenance\P_01999000042260125113_healthcheck.py,SKIP,no_match
C:\Users\richg\Gov_Reg\01260207201000001250_REGISTRY\ID\2_cli_tools\maintenance\install_automation.py,SKIP,no_match
C:\Users\richg\Gov_Reg\01260207201000001250_REGISTRY\ID\3_schemas\.dir_id.example,SKIP,no_match
C:\Users\richg\Gov_Reg\01260207201000001250_REGISTRY\ID\3_schemas\.dir_id.schema.json,SKIP,no_match
C:\Users\richg\Gov_Reg\01260207201000001250_REGISTRY\ID\3_schemas\01260207201000000877_DIR_ID_ANCHOR.schema.json,SKIP,no_match
C:\Users\richg\Gov_Reg\01260207201000001250_REGISTRY\ID\3_schemas\GATE_CATALOG.json,SKIP,no_match
C:\Users\richg\Gov_Reg\01260207201000001250_REGISTRY\ID\3_schemas\PREFIX_POLICY.json,SKIP,no_match
C:\Users\richg\Gov_Reg\01260207201000001250_REGISTRY\ID\3_schemas\UNIFIED_INGEST_ENVELOPE.schema.json,SKIP,no_match
C:\Users\richg\Gov_Reg\01260207201000001250_REGISTRY\ID\4_config\idpkg_active_config.json,SKIP,no_match
C:\Users\richg\Gov_Reg\01260207201000001250_REGISTRY\ID\6_docs\00_MANIFEST.json,SKIP,no_match
C:\Users\richg\Gov_Reg\01260207201000001250_REGISTRY\ID\6_docs\01_CONTEXT_PRIMER.md,SKIP,no_match
C:\Users\richg\Gov_Reg\01260207201000001250_REGISTRY\ID\6_docs\contracts\01260207201000000174_ID_IDENTITY_CONTRACT.md,SKIP,no_match
C:\Users\richg\Gov_Reg\01260207201000001250_REGISTRY\ID\6_docs\contracts\id_contract.yaml,SKIP,no_match
C:\Users\richg\Gov_Reg\01260207201000001250_REGISTRY\ID\6_docs\operations\health_checks.yaml,SKIP,no_match
C:\Users\richg\Gov_Reg\01260207201000001250_REGISTRY\ID\6_docs\operations\troubleshooting.yaml,SKIP,no_match
C:\Users\richg\Gov_Reg\01260207201000001250_REGISTRY\ID\6_docs\operations\workflows.yaml,SKIP,no_match
C:\Users\richg\Gov_Reg\01260207201000001250_REGISTRY\ID\6_docs\runtime\allocators.yaml,SKIP,no_match
C:\Users\richg\Gov_Reg\01260207201000001250_REGISTRY\ID\6_docs\runtime\handlers.yaml,SKIP,no_match
C:\Users\richg\Gov_Reg\01260207201000001250_REGISTRY\ID\6_docs\runtime\validators.yaml,SKIP,no_match
C:\Users\richg\Gov_Reg\01260207201000001250_REGISTRY\ID\6_docs\runtime\watchers.yaml,SKIP,no_match
C:\Users\richg\Gov_Reg\01260207201000001250_REGISTRY\ID\7_automation\P_01260207233100000008_watcher_daemon.py,SKIP,no_match
C:\Users\richg\Gov_Reg\01260207201000001250_REGISTRY\ID\7_automation\P_01260207233100000071_scanner_service.py,SKIP,no_match
C:\Users\richg\Gov_Reg\01260207201000001250_REGISTRY\ID\7_automation\P_01260207233100000074_cli.py,SKIP,no_match
C:\Users\richg\Gov_Reg\01260207201000001250_REGISTRY\ID\7_automation\P_01999000042260124015_govreg.py,SKIP,no_match
C:\Users\richg\Gov_Reg\01260207201000001250_REGISTRY\ID\7_automation\P_01999000042260124023_scanner.py,SKIP,no_match
C:\Users\richg\Gov_Reg\01260207201000001250_REGISTRY\ID\7_automation\P_01999000042260124028_file_creator.py,SKIP,no_match
C:\Users\richg\Gov_Reg\01260207201000001250_REGISTRY\ID\7_automation\P_01999000042260125100_generate_dir_ids_gov_reg.py,SKIP,no_match
C:\Users\richg\Gov_Reg\01260207201000001250_REGISTRY\ID\7_automation\P_01999000042260125101_validate_dir_ids.py,SKIP,no_match
C:\Users\richg\Gov_Reg\01260207201000001250_REGISTRY\ID\7_automation\P_01999000042260125102_populate_registry_dir_ids.py,SKIP,no_match
C:\Users\richg\Gov_Reg\01260207201000001250_REGISTRY\ID\7_automation\P_01999000042260125103_rename_dirs_with_id.py,SKIP,no_match
C:\Users\richg\Gov_Reg\01260207201000001250_REGISTRY\ID\7_automation\P_01999000042260125106_registry_filesystem_reconciler.py,SKIP,no_match
C:\Users\richg\Gov_Reg\01260207201000001250_REGISTRY\ID\7_automation\P_01999000042260125110_populate_registry_dir_ids_enhanced.py,SKIP,no_match
C:\Users\richg\Gov_Reg\01260207201000001250_REGISTRY\PHASE_0_A11_SOLUTION\A11_DESIGN_DECISIONS_RESOLVED.md,SKIP,no_match
C:\Users\richg\Gov_Reg\01260207201000001250_REGISTRY\PHASE_0_A11_SOLUTION\README.md,SKIP,no_match
C:\Users\richg\Gov_Reg\01260207201000001250_REGISTRY\archive\analysis_reports\COLUMN_COMPARISON_20260216_072011.md,SKIP,no_match
C:\Users\richg\Gov_Reg\01260207201000001250_REGISTRY\archive\analysis_reports\DEPRECATION_ANALYSIS_20260216_030558.md,SKIP,no_match
C:\Users\richg\Gov_Reg\01260207201000001250_REGISTRY\archive\analysis_reports\POPULATION_SCRIPTS_ANALYSIS_20260216_074750.md,SKIP,no_match
C:\Users\richg\Gov_Reg\01260207201000001250_REGISTRY\archive\analysis_reports\consolidation_log_20260216_231332.txt,SKIP,no_match
C:\Users\richg\Gov_Reg\01260207201000001250_REGISTRY\archive\pre_cleanup_20260222_223320\01260202173939000112_NON_AUTHORITATIVE_FILES_ANALYSIS.md,SKIP,no_match
C:\Users\richg\Gov_Reg\01260207201000001250_REGISTRY\archive\pre_cleanup_20260222_223320\01260207201000000854_GEU_SETS_ANALYSIS.md,SKIP,no_match
C:\Users\richg\Gov_Reg\01260207201000001250_REGISTRY\archive\pre_cleanup_20260222_223320\legacy_backups_20260222_223320.zip,SKIP,no_match
C:\Users\richg\Gov_Reg\01260207201000001250_REGISTRY\archive\pre_cleanup_20260225_173348\01260207233100000466_geu_sets.regenerated.json,SKIP,no_match
C:\Users\richg\Gov_Reg\01260207201000001250_REGISTRY\archive\pre_cleanup_20260225_173348\01999000042260124503_REGISTRY_file.json,SKIP,no_match
C:\Users\richg\Gov_Reg\01260207201000001250_REGISTRY\archive\pre_cleanup_20260225_173348\registry_decontamination_report_20260225_173348.json,SKIP,no_match
C:\Users\richg\Gov_Reg\01260207201000001250_REGISTRY\dir_id\.dir_id.schema.json,SKIP,no_match
C:\Users\richg\Gov_Reg\01260207201000001250_REGISTRY\dir_id\dir_id.schema.json,SKIP,no_match
C:\Users\richg\Gov_Reg\01260207201000001250_REGISTRY\src_modules\01260207201000001296_registry_transition\.dir_id,SKIP,no_match
C:\Users\richg\Gov_Reg\01260207201000001250_REGISTRY\src_modules\01260207201000001296_registry_transition\P_01260207201000000986___init__.py,SKIP,no_match
C:\Users\richg\Gov_Reg\01260207201000001250_REGISTRY\src_modules\01260207201000001296_registry_transition\P_01260207233100000321_field_precedence.py,SKIP,no_match
C:\Users\richg\Gov_Reg\01260207201000001250_REGISTRY\src_modules\01260207201000001296_registry_transition\P_01260207233100000322_gates.py,SKIP,no_match
C:\Users\richg\Gov_Reg\01260207201000001250_REGISTRY\src_modules\01260207201000001296_registry_transition\P_01260207233100000324_lifecycle_state.py,SKIP,no_match
C:\Users\richg\Gov_Reg\01260207201000001250_REGISTRY\src_modules\01260207201000001296_registry_transition\P_01260207233100000326_state_machine.py,SKIP,no_match
C:\Users\richg\Gov_Reg\01260207201000001250_REGISTRY\src_modules\01260207201000001297_registry_writer\.dir_id,SKIP,no_match
C:\Users\richg\Gov_Reg\01260207201000001250_REGISTRY\src_modules\01260207201000001297_registry_writer\P_01260207233100000329_01999000042260125036_promotion_patch.py,SKIP,no_match
C:\Users\richg\Gov_Reg\01260207201000001250_REGISTRY\src_modules\01260207201000001297_registry_writer\P_01260207233100000331_backup_manager.py,SKIP,no_match
C:\Users\richg\Gov_Reg\01260207201000001250_REGISTRY\src_modules\01260207201000001297_registry_writer\P_01260207233100000332_derivation_engine.py,SKIP,no_match
C:\Users\richg\Gov_Reg\01260207201000001250_REGISTRY\src_modules\01260207201000001297_registry_writer\P_01260207233100000334_normalizer.py,SKIP,no_match
C:\Users\richg\Gov_Reg\01260207201000001250_REGISTRY\src_modules\01260207201000001297_registry_writer\P_01260207233100000337_write_policy_validator.py,SKIP,no_match
